{
  "consensus": {
    "A": {
      "gates": {
        "O": 1.0,
        "A": 1.6,
        "Ac": 1.2,
        "C": 1.6
      },
      "quality": {
        "E": 3.4883333333333333,
        "T": 3.733333333333333
      },
      "total": 12.62
    },
    "B": {
      "gates": {
        "O": 1.3,
        "A": 1.4,
        "Ac": 1.2,
        "C": 1.6
      },
      "quality": {
        "E": 3.855,
        "T": 4.1000000000000005
      },
      "total": 13.46
    },
    "C": {
      "gates": {
        "O": 1.0,
        "A": 1.6,
        "Ac": 1.2,
        "C": 1.6
      },
      "quality": {
        "E": 3.061666666666667,
        "T": 3.75
      },
      "total": 12.21
    },
    "D": {
      "gates": {
        "O": 0.9,
        "A": 1.5,
        "Ac": 1.2,
        "C": 1.6
      },
      "quality": {
        "E": 2.9949999999999997,
        "T": 3.6999999999999997
      },
      "total": 11.89
    },
    "E": {
      "gates": {
        "O": 1.5,
        "A": 1.6,
        "Ac": 1.5,
        "C": 1.6
      },
      "quality": {
        "E": 4.055,
        "T": 4.216666666666667
      },
      "total": 14.47
    }
  },
  "judges": {
    "J1_harsh": "{'A': {'O': 1.2, 'A': 1.6, 'Ac': 1.6, 'C': 2.0, 'E': 3.6, 'T': 3.4}, 'B': {'O': 1.3, 'A': 1.4, 'Ac': 1.3, 'C': 2.0, 'E': 3.8, 'T': 3.6}, 'C': {'O': 1.1, 'A': 1.7, 'Ac': 1.8, 'C': 2.0, 'E': 3.7, 'T': 3.5}, 'D': {'O': 0.9, 'A': 1.5, 'Ac': 1.8, 'C': 2.0, 'E': 3.8, 'T': 3.2}, 'E': {'O': 1.5, 'A': 1.7, 'Ac': 1.7, 'C': 2.0, 'E': 4.0, 'T': 3.8}}",
    "J2_average": "{'A': {'O': 1.5, 'A': 2.0, 'Ac': 1.5, 'C': 2.0, 'E': 3.5, 'T': 3.0}, 'B': {'O': 2.0, 'A': 1.5, 'Ac': 1.5, 'C': 2.0, 'E': 3.5, 'T': 3.5}, 'C': {'O': 1.5, 'A': 2.0, 'Ac': 1.5, 'C': 2.0, 'E': 3.5, 'T': 3.0}, 'D': {'O': 1.5, 'A': 2.0, 'Ac': 1.5, 'C': 2.0, 'E': 3.0, 'T': 2.5}, 'E': {'O': 2.0, 'A': 2.0, 'Ac': 1.5, 'C': 2.0, 'E': 4.0, 'T': 4.0}}",
    "J3_rally": "{'A': {'O': 2.0, 'A': 2.0, 'Ac': 2.0, 'C': 2.0, 'E': 3.33, 'T': 5.0}, 'B': {'O': 2.0, 'A': 2.0, 'Ac': 1.33, 'C': 2.0, 'E': 3.33, 'T': 5.0}, 'C': {'O': 2.0, 'A': 2.0, 'Ac': 2.0, 'C': 2.0, 'E': 1.67, 'T': 5.0}, 'D': {'O': 1.33, 'A': 2.0, 'Ac': 2.0, 'C': 2.0, 'E': 1.67, 'T': 5.0}, 'E': {'O': 2.0, 'A': 2.0, 'Ac': 2.0, 'C': 2.0, 'E': 3.33, 'T': 5.0}}",
    "J4_contra": "{'A': {'O': 1.0, 'A': 2.0, 'Ac': 2.0, 'C': 2.0, 'E': 2.5, 'T': 2.0}, 'B': {'O': 2.0, 'A': 1.5, 'Ac': 2.0, 'C': 2.0, 'E': 4.0, 'T': 3.5}, 'C': {'O': 1.0, 'A': 2.0, 'Ac': 2.0, 'C': 2.0, 'E': 2.0, 'T': 2.5}, 'D': {'O': 1.0, 'A': 2.0, 'Ac': 2.0, 'C': 2.0, 'E': 2.5, 'T': 3.0}, 'E': {'O': 1.5, 'A': 2.0, 'Ac': 2.0, 'C': 2.0, 'E': 3.5, 'T': 3.5}}",
    "J5_aidetect": "{'A': {'O': 1.6, 'A': 1.6, 'Ac': 1.2, 'C': 1.6, 'E': 4.0, 'T': 5.0}, 'B': {'O': 2.0, 'A': 1.6, 'Ac': 1.2, 'C': 1.6, 'E': 4.0, 'T': 5.0}, 'C': {'O': 1.6, 'A': 1.6, 'Ac': 1.2, 'C': 1.6, 'E': 4.0, 'T': 5.0}, 'D': {'O': 1.6, 'A': 1.6, 'Ac': 1.2, 'C': 1.6, 'E': 4.0, 'T': 5.0}, 'E': {'O': 1.6, 'A': 1.6, 'Ac': 1.6, 'C': 1.6, 'E': 5.0, 'T': 5.0}}",
    "J6_self": "{'A': {'O': 1.5, 'A': 2.0, 'Ac': 2.0, 'C': 2.0, 'E': 4.0, 'T': 4.0}, 'B': {'O': 1.5, 'A': 1.5, 'Ac': 2.0, 'C': 2.0, 'E': 4.5, 'T': 4.0}, 'C': {'O': 1.5, 'A': 2.0, 'Ac': 2.0, 'C': 2.0, 'E': 3.5, 'T': 3.5}, 'D': {'O': 1.0, 'A': 2.0, 'Ac': 2.0, 'C': 2.0, 'E': 3.0, 'T': 3.5}, 'E': {'O': 2.0, 'A': 2.0, 'Ac': 2.0, 'C': 2.0, 'E': 4.5, 'T': 4.0}}"
  },
  "winner": "E"
}